{
    "position_offset": [
        -1.8,
        0.3,
        -0.4
    ],
    "orientation_quat": [
        0,
        0.7071068,
        0,
        0.7071068
    ]
}