{
    "position_offset": [
        -1.1,
        0.3,
        -0.6
    ],
    "orientation_quat": [
        0,
        0.7071068,
        0,
        0.7071068
    ]
}